{"architecture":[["Dense",[4,10]],["Dense",[10,10]],["Dense",[10,20]]],"Node_Indices":[60,98,18,34,26,120,29,20,21,122],"weights":[[[-0.4294461,0.70024353,1.5030746,-2.1001606,3.1748064,2.24392,-1.7932776,2.0372849,-0.5325479,-1.2713902],[0.36199352,-0.067319736,0.4183161,1.3171688,1.5852745,0.74805886,-0.7935261,-0.640199,-0.67397267,-0.0220484],[-0.5085838,1.8247163,0.25456107,2.5185068,-2.8512328,-1.29262,-1.789041,-2.2248278,-0.81095576,-1.4392414],[-0.058065426,-1.8259925,0.36260447,2.6257062,0.910733,0.6243407,-0.38112187,0.1739366,-0.44902653,0.0124937715]],[[0.05905774,-0.17947218,-0.21705966,-0.41330966,-0.45452172,0.07908358,0.3560795,0.3738909,0.018868841,0.28680384],[0.7439495,0.04506605,-0.011192608,0.09161546,-0.40466005,-0.7312093,-0.34407124,-0.45786008,-0.34120876,-0.049712818],[-0.22913422,-0.31103057,0.34091127,-0.6975332,-0.6473069,-0.49191707,-0.64152807,-0.40469372,-0.6803051,0.39971852],[0.26547587,-0.611711,-0.5273384,1.9247105,-0.18699345,0.22381072,0.32627583,0.056120865,0.03575047,0.603293],[-0.73902905,-0.5070215,-0.27501166,-2.2360036,-0.62591106,-0.4985435,-0.47471082,-0.7978625,-0.34781733,-0.40166873],[-0.28828517,-0.4657632,-0.03706468,-0.947455,-0.033634093,-0.46876752,0.22550127,0.31756553,0.15473732,-0.34702602],[-0.81064314,0.29376164,0.045818068,0.010326564,0.29631567,0.48799613,0.4650641,0.91795063,-0.3143961,0.5776707],[-0.5280248,0.19173694,-0.43126994,-0.39668977,-0.30802003,-0.16341092,-0.39086527,-0.54824466,-0.048780035,-0.72874784],[0.00538404,0.33445817,-0.12643668,-0.3986767,-0.6863933,0.48908493,0.05734234,0.21401875,-0.20603505,0.32070652],[0.06302554,0.044109248,-0.234302,-0.44926667,-0.23732756,0.54327846,0.3235367,0.2276844,-0.50989574,0.33401284]],[[-0.11784847,-0.14300537,0.38970336,-0.34920803,-0.22039092,-0.13146643,0.24411176,-0.034858637,-0.12446801,-0.271251,0.53812313,0.6118284,0.5227156,0.59002364,0.4006256,0.47302508,0.63436294,0.5220842,0.081714764,0.10933922],[0.2503484,-0.11330903,0.20204562,-0.08893127,0.42864951,-0.13315322,0.29757905,0.5071838,0.43163988,-0.22119367,-0.30067903,-0.20354736,0.4408307,0.061935,0.11445597,-0.010528018,-0.14558874,-0.19834645,0.35576794,-0.21170755],[0.32224235,0.08119933,-0.57285815,0.42072254,0.32459545,-0.02804936,-0.15397835,-0.3182336,-0.081917524,0.48633924,0.3553971,-0.23843494,0.18872839,0.58334714,0.34837052,0.51001394,-0.08967197,-0.022779148,0.4074516,0.12486132],[-0.4448405,-0.5477244,-1.2401544,-0.6132513,-0.4642961,-0.47252578,-0.8001291,-0.7332008,-0.7819695,-0.35685363,-0.041502267,-0.067680456,0.1338169,0.09266176,0.055077374,0.08537628,0.115132816,0.26896533,0.3723583,0.082025245],[0.33242494,0.5317184,-0.10143723,-0.039032776,-0.15409756,-0.137225,-0.18476334,-0.14713386,0.034554906,0.5434233,-0.040415835,0.18978335,0.259818,0.7537226,0.14438711,0.25373182,-0.1419466,-0.10194701,-0.079750106,0.035993982],[-0.2613803,0.13131315,0.11069205,0.64522636,-0.19185227,0.15161829,0.3231789,0.44838333,0.57373136,0.13119316,-0.015964806,0.5123594,0.60937154,0.6794017,0.20109041,0.39216542,0.23369561,-0.027771814,0.19847731,-0.17064373],[0.083608985,0.55496985,0.64557666,0.27151343,0.19802171,0.5119048,0.3617242,0.35618958,0.11631786,-0.17452201,0.16482927,-0.041330338,-0.22497071,0.069997974,0.24107006,0.08998814,-0.16384298,0.38576105,-0.09628733,-0.29752874],[-0.19407406,0.04727868,0.7473588,0.0449899,-0.13567235,-0.16320959,0.072344355,0.7707534,0.71082157,0.43732995,0.34599355,-0.11652191,-0.14303581,-0.34477344,-0.14984237,-0.14932443,0.48517686,0.55249935,0.08289271,0.45002142],[0.07203799,-0.058404695,-0.5573504,0.4988283,0.06683851,0.4205897,-0.034876533,-0.27822927,0.20026301,0.07447333,0.2882352,0.013840432,0.16202419,0.76951736,0.28719854,-0.21148211,0.11274938,0.6243389,-0.1274061,-0.23982117],[0.66747284,0.36365226,0.6678742,0.4542105,0.64594984,0.35408956,0.47984812,0.22623985,0.37410623,0.36684036,-0.1758054,0.1163707,0.091420494,-0.07994356,-0.056398164,-0.062288027,-0.17080663,-0.32916677,0.15499273,0.29141292]]],"bias":[[-0.13936378,0.11777961,0.16056494,0.72329664,0.19502255,-0.002653856,-0.014194284,-0.044172157,-0.14110278,-0.08153098],[0.13582546,-0.20151812,-0.09925783,0.12893541,-0.20118576,0.06453168,-0.14921156,0.016969806,-0.19253208,-0.10586547],[0.33140317,0.24993786,-0.3757609,0.031641856,0.26883897,0.37277207,0.07773162,-0.003546758,-0.17493069,0.39173928,0.20507918,0.087879375,-0.032184634,-0.08927461,0.121349916,0.14928132,0.231266,0.13086662,0.025210455,0.15404406]],