{"architecture":[["Dense",[4,10]],["Dense",[10,10]],["Dense",[10,10]],["Dense",[10,20]]],"Indices":[9,1,4,10,6,7,2,3,5,8],"weights":[[[-1.4575853,1.2303158,-1.0206621,1.371529,-0.99784553,-1.4537513,1.4868268,0.41486898,-0.8753367,0.6501875],[1.000784,-0.220829,0.30441585,-0.51656604,-0.06889638,-0.16855432,0.7835154,-0.6089841,0.36491457,-0.34738266],[-0.7917752,2.281943,1.9734815,2.5333242,0.20582148,2.6096616,-2.466512,-0.33249572,0.30402392,-1.8049374],[-0.5351611,1.5094109,-0.54323417,1.6581628,-1.1264421,0.20340425,0.89840907,0.5795472,-1.0724436,-1.7651542]],[[-0.82367444,-0.55898875,0.01334624,0.029386677,0.23673238,-0.5133061,-0.33920532,-0.7387738,-0.033454247,0.53538984],[0.07672502,0.5730422,0.21977277,0.36818674,0.548039,0.25125393,-0.40824217,0.6988191,0.28964078,0.10633832],[-0.53296787,0.42135265,-0.5346764,0.13371477,0.16485405,-0.35332486,-0.730277,0.0062774634,-0.14688587,0.3802591],[0.6381097,0.8668608,-0.49360842,-0.30702934,0.51209646,-0.34461588,-0.34144306,1.0291249,-0.13926315,0.34333205],[-0.2863695,0.34148994,0.039150566,0.41508815,-0.8752953,-0.03814272,-0.030106256,-0.80370575,0.0184686,0.071927294],[0.15879136,0.46088696,-0.5640014,0.52966636,-0.19127546,-0.49470764,-0.30559543,0.19253273,0.17991263,0.55054665],[0.66658735,-0.57567483,0.4308897,-0.49846408,0.31607148,0.30624413,-0.09959851,0.09554709,-0.76263666,-0.5388559],[-0.088000014,0.23630233,0.24690694,-0.35277382,0.35902968,-0.5033851,-0.4897643,-0.081530064,-0.31117705,-0.4121741],[-0.7916167,-0.0010023396,-0.17128213,0.5505143,-0.7488639,0.38096422,0.11514687,-0.6141074,-0.54727983,0.330017],[-0.29143634,0.31691837,0.50200516,-0.1970361,-0.7301562,-0.13603343,-0.35351524,-0.62144613,-0.47088417,-0.5676488]],[[-0.15761784,-0.114110954,-0.64827526,0.05484741,0.36232767,-0.85439336,-0.12518868,-0.9727942,-0.49565393,-0.5120216],[-0.50886244,-0.054541133,-0.40416962,-0.15210061,-0.44961253,0.24661882,-0.108393855,0.06871165,-0.37488982,-0.34411806],[0.13443623,-0.6486184,-0.7393238,0.3602896,0.19583458,-0.11803886,0.13800977,0.46968243,0.106355235,-0.17055218],[-0.07091736,0.8318518,-0.7953704,-0.20336947,0.32396522,-0.1469292,-0.3995042,0.77676606,-0.3911534,0.21928969],[-0.3569865,0.09974456,-0.1339357,-0.2681398,0.13089317,-0.716517,-0.023503529,-0.3939217,0.015426688,0.121511646],[-0.07603653,-0.285259,-0.37529102,0.029276168,0.19772023,-0.38228136,0.25447744,0.29012173,0.14455788,-0.12496057],[0.07482307,-0.08858527,-0.4234944,-0.22226699,0.15828398,-0.31895292,0.5505964,0.12543719,0.03694847,0.12697649],[-0.6186603,-0.08954575,-0.5331316,-0.5934593,-0.6322695,-0.40478787,0.13156506,-1.1143203,-0.7756935,-0.19621861],[0.12372033,0.35177827,-0.24685964,0.07555267,-0.01838565,0.08122274,-0.49269378,0.42491066,-0.023329645,-0.0498905],[-0.21956953,0.36653516,0.21474749,0.117688864,0.38057235,0.3631617,-0.5271661,0.11752888,0.42411065,-0.5049102]],[[0.5531377,0.041805197,-0.03648002,0.0299329,-0.063377656,0.34142113,0.0045755245,-0.09188019,0.24408492,0.14222865,-0.2036382,-0.19292015,-0.4265834,0.08114367,0.13031362,-0.3332507,-0.8102197,0.1895351,0.037565842,0.23807175],[0.396382,-0.23493546,0.0005594407,0.26099092,0.22130509,0.17701744,-0.27690738,0.21502306,0.08662359,0.19333363,0.1350392,0.33338517,0.37142974,0.264432,0.38233405,0.36633545,0.36534685,0.4525295,0.49927115,0.4219796],[0.22716938,-0.12410016,0.5461576,0.09537346,0.32909352,0.010230581,0.20435268,0.43566918,0.079019554,0.38143164,0.35275084,-0.3721348,0.39855054,0.37906206,0.23199242,0.44624296,0.11236077,-0.17779033,0.17256801,-0.095722966],[0.30127656,0.16799286,0.29579568,-0.08441219,-0.06490855,0.33625677,0.005953793,0.27042845,0.40219834,-0.26464453,0.06108628,-0.32425743,-0.34973198,0.028190283,0.12735966,0.36202368,0.12322847,-0.21792951,-0.36231837,-0.12710463],[-0.14863501,0.086448155,0.27060694,0.36366576,0.5627628,0.21323133,-0.00043801163,0.3894524,0.20223634,0.1367557,0.22602625,0.022093786,0.48622048,0.06304883,-0.100364946,-0.27936053,-0.34180987,-0.2613109,0.081309706,0.22207023],[0.03523562,-0.0031140903,0.3608028,0.18861416,-0.017080091,0.09890398,0.27388462,-0.28815117,0.4856823,0.43954948,0.56482774,0.82438827,0.3306853,-0.03926928,0.1801215,-0.15931016,0.8620973,0.5346214,0.06307451,0.086255215],[0.7305435,-0.24607809,0.12996562,0.52290094,0.31209788,0.18004224,0.08050418,-0.19506988,0.09442691,0.66989374,-0.07353098,-0.45545065,-0.65477985,-0.12077752,-0.34938946,-0.08961354,-0.3102061,-0.029185541,-0.4399329,-0.18371706],[-0.1516148,0.78743404,0.3063631,-0.16493769,0.09386732,-0.03306989,0.8019921,0.2455902,-0.034244686,-0.12562746,-0.17011325,0.22472027,-0.020630326,-0.14595321,0.0422766,0.21415797,0.2575937,-0.011693018,-0.019422896,-0.1613913],[0.31844893,0.38171148,-0.0671296,-0.029116074,-0.022504572,0.016704973,0.40917844,0.5307404,0.5511165,0.252289,-0.073753916,-0.40614453,-0.17897512,0.23408903,-0.18229312,-0.34414938,-0.59598875,0.43468574,0.449925,0.27569622],[0.001687515,0.25809357,0.09332091,0.22148511,0.27781606,0.12979202,-0.027511518,0.28716195,-0.043956503,0.36173534,-0.030229084,-0.66385865,0.1404289,0.36898825,0.13534372,0.02719837,0.06704654,-0.3591302,0.10258228,0.20733525]]],"bias":[[0.19385952,0.017103374,0.095493145,0.18347749,0.28649408,0.230681,0.30845013,-0.038100008,0.19655417,0.58023906],[-0.016291054,0.058493454,-0.033566758,0.004010924,-0.11137271,-0.012358006,-0.09471724,-0.0067735533,-0.11180165,-0.033353627],[-0.13735907,0.011394566,-0.30525947,-0.08142302,-0.07255318,-0.07359361,0.16928786,0.66859186,0.1613338,-0.1781777],[0.21241482,-0.03817815,0.09944509,0.36280075,0.13270058,0.35626012,-0.09572192,0.063157305,0.17062248,0.2921119,0.21944678,-0.0021952859,0.16001892,0.22890079,0.13129516,0.14231923,-0.12492311,0.012003069,0.06898357,0.0436276]],