{"architecture":[["Dense",[4,10]],["Dense",[10,10]],["Dense",[10,10]],["Dense",[10,10]],["Dense",[10,20]]],"Node_Indices":[9,107,49,76,53,43,130,69,73,84],"weights":[[[3.1286235,-1.5689507,-1.1837091,-0.7408079,-0.85513216,-1.2478458,2.1528428,0.45067364,0.033300348,3.5759966],[0.059394967,-1.04812,0.6307279,-0.78207546,0.34303042,0.8412753,0.6719737,0.7134633,-0.14736722,-0.092547886],[-0.42129317,2.6306038,3.8007863,1.5347878,-1.3507128,0.39459705,1.6016986,-0.70209616,0.1679095,-2.0861287],[0.12648246,0.6722566,-0.5813413,0.024658881,0.012536505,0.3459025,-0.14650884,0.16001557,-0.6023867,0.61670864]],[[-0.1841957,0.41058734,0.7560487,0.088009484,0.070666686,0.12929332,0.76787746,-0.0039006367,0.29565853,-0.20564814],[0.33980656,-0.6247676,-0.67928725,0.49841052,-0.5539998,-0.33917725,-0.6666524,-0.1921736,0.35879892,-0.34273836],[0.16967058,-0.32682863,0.11154519,0.32869816,-0.6653275,0.5450077,-1.118393,-0.36442432,0.6369591,-0.5758611],[-0.42404887,-0.21696693,-0.24279334,0.5492405,0.242921,-0.065736346,-0.15374573,-0.09020861,0.60410756,-0.1429707],[-0.23585221,0.79693836,-0.46529776,0.76182467,0.39984238,0.151411,0.19740175,0.7560387,0.45294228,0.06671193],[0.5102558,-0.17020284,0.08404013,0.40561056,-0.25249043,0.4412398,-0.66575104,0.7895221,0.13223715,-0.16951498],[-0.2872991,-0.43622053,0.42503798,-0.7886342,-0.010932868,0.19703022,0.4571298,-0.20711862,0.2249818,-0.124077104],[0.4332218,0.3813068,0.48172945,-0.25413704,0.52223223,-0.50614256,-0.14342313,-0.19650821,-0.33800593,-0.26937804],[0.22807536,0.027209295,-0.3385244,-0.19761088,0.40079847,-0.38065314,0.12540717,0.3945362,0.32445997,0.3280214],[-0.021419326,1.2624569,0.038503304,-0.0023255348,0.45721915,0.049413804,1.6077285,-0.10349796,-0.46268085,-0.05875703]],[[-0.23338714,-0.023119794,0.32452288,0.30939907,0.2731358,-0.27380514,0.19692183,-0.7031422,-0.21923079,-0.1367412],[0.53199095,-0.17996483,0.21907751,0.6296526,-0.9950659,0.31339255,0.3743717,0.10289592,-0.11923755,-0.6052669],[0.09194533,-0.0028960414,0.4995623,-0.60239506,-0.51279575,0.29197776,0.39677805,0.5266746,0.5074335,0.3534657],[0.6007804,0.55399036,-0.386107,-0.44407317,0.733133,-0.27959254,0.050902635,-0.8080384,0.17446059,-0.28243446],[0.12985657,-0.12502646,0.0021007503,0.34235236,-0.8020107,-0.35010833,0.21752839,0.20315596,-0.6384374,-0.28799665],[-0.2771322,0.45076013,0.2459743,-0.5117477,-0.119979836,0.59719616,-0.026623989,-0.038117535,0.052471805,0.5007276],[0.11648189,0.5338678,-0.06515063,0.6119733,-1.2703779,-0.4444702,0.77598816,1.3472531,-0.2651173,-0.62565017],[0.049036715,0.6157912,0.42512363,0.1256528,-0.05183557,-0.43056673,0.062309176,-0.7580563,-0.571007,-0.52176034],[0.24519338,-0.40734234,-0.03296647,-0.3342471,0.58890957,-0.067815565,-0.52472395,-0.69382805,0.060437005,0.6235011],[-0.39704818,0.3236717,-0.30456388,-0.55797195,-0.29153562,0.6052508,-0.34746745,0.3949125,-0.37130076,-0.31101814]],[[-0.33523634,-0.600714,0.14598845,0.52465785,0.20432034,-0.6278756,-0.3297453,-0.41840988,-0.31423432,0.054837674],[-0.41147912,0.10031592,0.44403815,-0.20853072,-0.59857345,-0.1909864,0.42248902,-0.25487754,-0.24450745,-0.5324751],[0.7081256,-0.59244114,0.38320604,0.003075181,-0.6701287,-0.60056734,0.15546215,-0.6297334,-0.5630516,0.36671776],[-0.5287206,0.13665701,-0.35334897,-0.0041772546,-0.73405915,0.18269058,0.5467971,-0.21520269,0.15394597,0.39272767],[-1.6232071,-0.2376801,-0.9855953,-0.23446691,-0.47861338,-0.31735772,-0.41438422,0.36146593,-0.358031,0.04013994],[0.120910555,-0.6080847,-0.13479666,0.097008,-0.41209576,-0.39316943,-0.03437872,-0.17147475,-0.44580808,-0.5099215],[-0.4649657,-0.02565867,-0.2382692,-0.08253841,-0.45780784,-0.6549599,-0.47456634,-0.47357053,0.10046079,0.25904867],[-1.6356349,-0.535445,-0.4776682,-0.33329964,0.042755455,-0.42659453,0.19920906,0.091620296,0.42743993,-0.37246835],[0.865182,-0.038762406,-0.57800233,-0.57122964,-0.12887813,-0.11417889,-0.15695132,0.09105772,-0.28194836,0.4619192],[0.4897374,-0.6596345,-0.41859892,-0.05092862,-0.21584496,-0.49074045,0.5821984,0.1876232,-0.5363718,0.26815066]],[[0.006906229,-0.026499165,-0.03629868,-0.099690825,0.06349104,-0.061906777,-0.28113252,-0.12641755,-0.17575891,-0.20045266,0.19338715,0.2313291,0.09562537,0.85396016,0.2886981,0.20232359,1.2004701,0.66454583,0.49685055,0.8698035],[-0.061066568,-0.0060111945,0.35593292,0.19894871,-0.024221595,-0.06530098,0.53863853,-0.031308524,0.5217768,0.12186614,-0.11456109,-0.08941991,-0.51719236,-0.15586112,-0.24628869,0.048433382,0.10961989,-0.22261085,-0.22996172,0.41715688],[0.2119039,0.054326158,0.05713985,0.44254756,0.061324507,0.1131437,0.61280984,0.3922136,0.5319306,0.6666299,-0.059613883,0.029227635,0.03934816,-0.16134697,0.06648546,-0.18743835,0.0879158,-0.14543256,-0.12847552,-0.2011889],[0.0030971675,0.15422833,0.24438801,0.20619002,0.3738307,-0.0034030539,0.3880075,0.21608296,-0.12758738,0.10120547,0.25608292,0.12683478,0.12699385,0.38617828,-0.06454004,0.5163223,-0.12934923,0.32461542,0.23345168,0.4548079],[0.1699183,0.31043714,-0.07077153,-0.036309786,0.2719751,0.21212035,-0.18653351,0.5191674,-0.1925494,0.41980106,0.33051857,0.06438762,0.38072562,-0.0059402534,0.1485413,-0.21914977,0.22639242,0.12134019,0.13150471,0.28568217],[-0.27458128,0.1763207,0.022009727,0.5273391,-0.08403226,-0.21532923,0.103516474,-0.20295645,-0.14733727,0.1969553,-0.52672595,0.31775907,0.42270616,-0.1794443,-0.1642908,-0.013796225,0.37512475,-0.28774658,0.44091287,0.5280875],[-0.13967742,-0.009747474,-0.033367205,-0.17459406,0.26451603,0.38177967,0.13192154,0.09638196,0.54582316,-0.018396758,0.22995262,-0.04208983,0.37726283,0.2023683,-0.023091748,0.24468918,0.5104166,0.29814234,0.032015104,0.30046326],[0.5731767,0.06345256,0.31535077,-0.243991,-0.017865935,0.01111051,-0.030211357,-0.045647666,0.5938077,0.34417287,0.19184928,0.61250037,0.5572336,-0.18233392,0.16444662,-0.20169544,0.0185463,-0.3224139,-0.010201038,0.12699461],[0.4531208,0.2506158,0.31082594,0.017262898,0.5390846,-0.011394698,-0.21364383,0.011024176,-0.1631835,0.15310967,-0.03938255,0.3906589,-0.14763597,0.47259018,0.013463634,0.17659171,0.9067531,0.08824336,-0.08808389,0.7055746],[0.6364142,0.60390824,0.5502359,0.36468187,0.030475372,0.45909506,-0.18512084,0.15364793,-0.07765297,0.1735916,0.28314492,0.042586006,0.06302614,-0.008746498,0.4482067,-0.16077201,-0.23113924,0.1333251,0.19241431,-0.3428321]]],"bias":[[0.4672876,0.13408779,0.25540304,0.03154183,0.2767062,0.17830543,0.22358322,-0.29026794,-0.07822573,0.5096435],[-0.010905681,0.17664634,0.04970127,0.07759953,-0.032049086,0.01848999,0.21915504,0.15836829,0.010142275,-0.24276127],[-0.00071679364,0.09283562,0.16347966,-0.10386426,0.06107111,0.035324655,0.056533318,-0.029622471,0.031842746,0.013521181],[0.33926877,-0.15168455,-0.05748273,-0.052921154,-0.15369701,-0.19722813,-0.045344282,-0.16284469,-0.073073804,-0.10824806],[0.26597315,0.25412947,0.21397199,0.20994842,0.311099,0.25003552,0.18748121,0.25429195,0.32091734,0.13060279,-0.08426051,0.2490606,0.052640107,-0.037322655,0.08911229,0.15330213,-0.00203003,-0.084537186,0.1424717,0.056100294]],