{"architecture":[["Dense",[4,10]],["Dense",[10,10]],["Dense",[10,20]]],"Node_Indices":[92,116,121,23,68,98,32,122,71,42],"weights":[[[-1.0615911,-0.91018254,1.8210802,-2.5035264,1.5031389,-0.59226644,-1.6853553,2.040831,1.3073637,2.4222405],[-1.0429595,0.05147693,0.19501175,-1.3516533,-0.12073843,-0.34402505,-1.4024178,1.1143422,0.01675354,-0.75036764],[-2.1208143,-0.5268879,-0.74287325,-3.4156923,0.13244759,0.46587148,2.2006555,-1.8708969,-0.7606092,-3.0107765],[-0.08936688,1.1828572,0.65180224,-0.40101677,-0.16041513,-0.21655303,-0.0037533822,0.76483685,0.10611137,0.43318024]],[[-0.48312894,-0.26182216,0.37478274,0.20272802,-0.0073791766,-0.10751807,0.20476499,0.7841393,-0.3709644,-0.18200809],[0.60224444,-0.26763812,0.36573297,0.48187226,-0.04279048,0.25610647,0.05037573,0.5625177,0.29460987,0.22872944],[-0.38724646,0.28207734,-0.6532393,-0.16319238,0.39981934,-0.25483423,0.16421522,-0.16426447,-0.46825802,-0.35714963],[0.16675678,0.1190298,0.33734474,0.75341094,0.6395856,-0.32894734,-0.12739885,0.68511784,-0.61436385,0.1901446],[0.25123823,-0.55334336,-0.67003125,0.17258073,-0.2900681,0.24294972,0.003264172,-0.5793831,0.09734226,-0.6298855],[0.6260334,0.24418287,0.33926618,-0.5576466,0.27160448,-0.034895666,0.4338067,-0.24024405,0.05491859,0.17066607],[0.31674877,0.270244,0.22850962,-0.40798652,-0.109858595,-0.021596048,-0.6506495,-0.5909816,0.4318029,-0.5580171],[-0.36370397,-0.6252194,-0.09717373,0.40312406,0.05382435,-0.1794256,-0.72923964,-0.24192044,-0.7140852,0.15024453],[-0.11418424,-0.1387618,-0.5229178,0.400426,0.21112685,-0.40214944,-0.110748075,0.24037193,-0.41373947,-0.09009008],[-0.47572592,-0.41672513,0.058015887,-1.0289916,-0.7685613,-0.19965102,-0.41965225,-0.5309137,0.2537247,-0.548635]],[[-0.11687058,-0.07930274,0.2682491,-0.24828109,-0.012987284,0.22578116,-0.16542125,0.046541814,-0.25971955,0.37171385,0.27784696,0.08378763,-0.09913515,0.169434,0.25929365,0.5892968,0.49628454,0.37751815,0.5428721,0.22824354],[-0.29838902,0.140306,-0.15083489,0.016497204,0.09680426,0.22590059,-0.05491783,-0.14045501,0.20022775,-0.20450392,0.0028929906,0.23316647,0.30994877,0.42480722,0.2559201,0.11124989,0.11640507,0.6974728,-0.3335722,0.17224006],[-0.11418179,0.22414385,0.1448068,0.6426983,-0.20114289,-0.0022847743,0.20829807,-0.16008574,-0.15369742,-0.29114974,0.18961388,0.37409925,0.45145333,0.6899759,-0.09115692,-0.28403303,0.25590688,0.04137103,0.4108955,-0.116059534],[0.36682132,0.42108226,0.43323374,-0.033876043,0.36964527,0.6814876,0.3333343,0.16301231,0.03689726,0.41964993,-0.36780334,-0.052474767,-0.03466689,-0.49130622,0.17702153,-0.07773925,-0.016588546,-0.02919781,0.045751423,0.16089037],[0.18879107,0.58218205,0.52659684,0.498624,-0.08998237,-0.24744436,0.5281342,0.20643745,0.55239004,0.44714734,0.034332097,0.07493108,0.028794162,-0.14605904,0.007248868,0.102764405,-0.21710803,0.06684682,0.33307862,0.0020792205],[0.2984481,-0.14645037,0.15262955,-0.33138648,0.035668734,-0.2282078,-0.34265184,0.22121312,0.1560513,0.050856553,0.44626394,0.17950831,0.49563158,0.41578832,0.133199,-0.32066876,-0.17795523,-0.09940174,0.24587613,0.30314675],[0.28651524,-0.2407573,-0.5210489,0.515518,0.42911664,0.0029684785,0.32509738,0.16872486,-0.0051333527,-0.1983941,0.04964964,0.4605959,0.4453862,0.30025265,0.36671233,0.3069768,0.038488265,0.175458,0.0016907745,-0.12081598],[0.77641785,-0.3128998,0.016999075,0.83944434,0.4359743,0.5850077,0.51062864,0.5969199,0.24972278,-0.16314857,0.3897735,-0.15520559,0.004928515,0.43447766,0.029019171,0.25235558,0.05979804,-0.08992688,-0.25975373,-0.0775837],[0.0953314,-0.15547319,-0.68986666,-0.5642479,-0.14094864,-0.31640738,-0.052222855,-0.32423428,0.033175964,-0.07393105,0.47075737,0.22007662,0.64638394,0.31296843,0.39201877,0.54410696,0.5815847,-0.0022489226,-0.056546576,-0.14193137],[-0.03144278,0.17966263,0.2535395,0.6807375,0.021764034,-0.21661097,0.2099797,0.09894855,0.4544182,-0.23164739,0.17051417,0.23683135,-0.00021218797,-0.18602782,0.38341036,0.2780252,0.48404065,0.057736598,-0.20008901,-0.18139379]]],"bias":[[-0.021274721,-0.082803585,0.0704821,0.12101102,0.15874526,-0.13060571,-0.009282808,0.27320424,0.18614419,-0.19770285],[0.12591635,-0.07843676,-0.115737855,0.099444,-0.05515044,-0.12731206,-0.09271384,-0.005252571,-0.06455501,-0.17654063],[-0.04090128,0.28126556,0.05186571,-0.22543585,0.37576777,0.097949624,-0.10198375,0.25063077,0.34642857,0.3032203,-0.0005469733,-0.0034750828,-0.1481027,0.07384574,-0.2529884,-0.17341748,-0.052542478,0.006802562,-0.16755684,0.22427373]],