{"architecture":[["Dense",[4,10]],["Dense",[10,10]],["Dense",[10,20]]],"Indices":[1,9,4,3,10,2,6,8,7,5],"weights":[[[-0.07288374,-0.3986931,-0.7495985,1.1846948,0.27511415,-0.058853135,-2.0365286,-1.3672076,1.5575732,1.037475],[0.85381603,0.7983494,-0.31614172,-0.37746528,0.36081496,0.8805284,-0.99065584,-1.2852324,0.33841828,-0.7812294],[0.61881167,-0.24536023,0.33804372,-1.2265117,-0.8815506,0.33455047,1.6287878,1.69478,0.41936865,0.01679255],[0.15616113,-0.8889679,-0.43093657,1.1939527,-1.8106215,0.65104204,-0.11473417,-0.12338112,1.0730793,1.2905965]],[[0.14439727,0.025051009,-0.6712871,-0.3817245,-0.40329382,0.10763159,-0.83220625,0.46030775,0.3967572,0.3831287],[-0.15680298,0.8688759,-0.44677496,-0.4895134,0.01698792,-0.5530296,0.21598527,0.66327876,-0.03847437,0.25866872],[-0.050238654,0.93290555,0.4370996,-0.30108303,-0.06590423,0.26405475,-0.48127607,-0.010576886,-0.043037042,-0.041906495],[-0.10271823,-0.6437971,-0.07065156,0.114870936,-0.103500694,-0.37587345,-0.21441843,-0.61122876,-0.7976952,0.12761404],[-0.667041,0.89547086,0.31653818,-0.17070304,0.860259,0.21976341,-0.7500273,0.3420882,-0.27975595,0.22789177],[0.33750466,0.48932463,-0.64847946,0.4671697,-0.3797598,0.17588568,-0.10093907,0.035372123,0.3894812,-0.11002737],[0.96526235,-0.088117674,0.4329018,-0.02293169,0.2242311,0.2073583,-0.6348445,-0.4159499,0.39729083,-0.58276427],[0.67230636,-0.43568143,0.47459978,-0.35129932,0.10614311,-0.030855577,-0.26954675,-0.008648323,-0.19905598,-0.13238874],[0.18945476,-0.52915835,-0.47535428,0.62136364,-0.4921066,-0.6111402,-0.24307731,-0.15128808,-0.6039767,-0.44455948],[-0.29355392,-0.74236923,-0.513654,-0.08380118,-0.43978012,-0.37529078,0.17772967,-0.59224963,-0.5385931,-0.29081857]],[[-0.40648314,0.095369354,-0.016799517,-0.11772911,-0.043653388,-0.4383971,-0.037017744,0.07272,-0.00045450177,-0.12410954,0.5532149,0.22833988,0.8073345,0.6882495,0.16608204,0.5204744,0.52276295,0.20631287,0.4524594,0.54241836],[1.0541948,-0.21667343,0.5959622,0.3808568,-0.1291209,1.0388129,0.42997244,-0.017011166,0.051228076,0.32298768,0.1751905,0.025384732,0.27105647,0.26174352,-0.070234075,0.3724445,0.092436105,-0.12723862,0.27593103,0.09348842],[0.05322523,-0.006065716,0.026948046,0.014486225,0.48021957,-0.019096537,-0.13762471,-0.30422437,0.07098386,-0.02960094,0.71645784,0.073888235,-0.24684675,-0.31170696,0.014626437,0.9045169,-0.11359508,0.3388203,-0.108778976,-0.32155612],[-0.55115926,0.1222649,-0.12089833,-0.34212884,0.50166905,-0.58742076,0.104339935,0.21016026,0.20962203,0.1214387,-0.3551448,0.014781494,-0.05601038,-0.028206056,-0.0037161193,0.050129782,-0.1462554,-0.14871222,-0.20410702,-0.17460231],[0.2824131,0.043672595,-0.03232878,0.026230965,0.20325747,0.48977676,-0.008334717,0.45825312,0.31656083,0.09928333,0.49638113,-0.0546347,-0.2049871,-0.20213136,-0.16899818,0.5026669,-0.13120392,-0.257502,-0.10385241,-0.015754998],[0.46479303,0.19049567,-0.17015645,-0.023884827,0.2571318,0.42752996,0.092471436,0.14969623,0.060774878,0.2040523,-0.069156714,-0.026364088,-0.059935432,0.26456684,0.23703077,0.42056692,0.16090535,0.39911893,-0.012472894,0.29355136],[-0.046815228,0.6018994,0.3040918,0.34378055,0.12706767,0.33497813,-0.048956472,0.5469926,-0.10225469,-0.101370014,0.12865366,0.055498537,0.003686212,-0.2716436,-0.146778,-0.56305707,-0.21105272,0.3973145,-0.10345319,-0.29157943],[0.07850239,0.4184697,0.30183718,0.47864288,0.11794144,0.21828502,-0.14785723,0.44798037,0.5658124,0.40939888,-0.09234506,0.0918884,0.052126847,-0.113217,0.33043316,-0.6335489,-0.092422076,0.07618708,-0.14750437,0.36374483],[-0.017290436,0.27359018,0.3220625,0.54499906,0.3639926,-0.21880485,0.3143249,-0.18305926,-0.18140738,0.50182086,0.35719588,0.24227057,0.12555192,0.40610445,-0.033043955,0.3561621,0.58843887,0.6632083,-0.12607518,0.21271205],[0.20241243,0.5442007,0.31568784,0.3626367,0.31110248,-0.10555339,0.23184407,-0.0093469685,0.022490727,0.044191506,-0.63942313,-0.021800341,0.02088738,-0.09301744,-0.0230711,-0.4499154,0.2326749,0.27117327,-0.1526311,-0.4904445]]],"bias":[[0.17447604,0.23513578,0.08680837,0.033241834,0.6726668,-0.043443274,0.16934638,-0.012628136,0.16586997,0.07141889],[0.0884144,0.21304144,-0.13175187,-0.063229814,0.062167052,-0.17168966,-0.28736824,0.14951058,-0.071196295,-0.022528868],[-0.16439728,0.2858543,-0.10652509,0.10153139,0.27251062,-0.06896936,0.32860216,0.30221164,0.24347137,0.08649321,-0.31030577,0.118713416,-0.56391895,-0.4043439,0.21111767,-0.58547455,-0.242807,0.05373193,0.104238756,-0.14640254]],