{"architecture":[["Dense",[4,10]],["Dense",[10,10]],["Dense",[10,10]],["Dense",[10,20]]],"Node_Indices":[119,15,96,58,51,9,12,41,35,55],"weights":[[[2.4555626,0.5593688,1.5909008,-0.66664326,-1.0559539,-0.3555513,0.4986651,-0.9399394,4.8862243,-0.54294264],[-0.16159807,0.045799803,0.31905252,0.2500419,1.3449409,-0.29320717,0.29090503,1.3398415,0.99389404,-0.09619348],[-1.8036873,-0.42299563,-1.6963049,-0.88211143,3.3245406,0.53496134,-2.8952067,-1.4131253,-5.5386806,1.5053219],[0.15298483,0.46357566,0.54650927,0.80897826,0.06140918,0.29458705,-0.10673217,1.7294145,1.4194535,0.10638821]],[[-0.51579034,-0.1837911,0.17658433,-0.12835135,-0.8285367,-0.20609067,-0.6853169,-0.21332239,0.38269588,-0.5961082],[-0.7179646,0.27214038,0.35730806,-0.40148762,0.33476308,0.49011463,-0.32348022,-0.4543898,0.40374723,-0.10249782],[-0.08000373,0.59680784,0.38594967,-0.08578879,-0.7368089,0.3805471,-0.16102856,-0.7862118,-0.2980613,-0.121999346],[-0.6628935,-0.33427474,0.2666091,-0.13122925,0.108469255,0.78838885,-0.39322975,-0.20006593,-0.5152982,-0.42021742],[0.17047714,0.2157334,-0.309808,-0.31089836,0.9319946,-0.5577786,-0.2628522,0.20509392,-0.57233393,-0.42105278],[0.14573623,0.29965463,-0.38700283,-0.075558156,0.48066512,0.07895516,-0.5217841,-0.58127904,0.29396597,-0.03648974],[-0.6474301,-0.27014276,0.31960255,0.46513307,-0.6382336,0.69322884,-0.26103997,-0.7942805,0.23443781,0.26507056],[0.079930186,-0.4282417,-0.24523066,-0.29004982,0.08984124,0.37773684,-0.2493293,-0.52139413,-0.27023947,-0.035026018],[-0.4342766,1.0096933,0.24199808,-0.07879635,-1.5550135,-0.6778114,-0.05235598,0.12477442,1.0853741,-0.46985584],[-0.49356472,-0.48894793,0.41857836,-0.13582547,0.65957224,-0.24137712,-0.6491962,0.14873609,-0.1730647,0.53423697]],[[-0.2684519,0.15674219,-0.14340891,-0.5888376,-0.031916734,-0.304106,0.09176629,-0.18574898,-0.35526067,-0.36309204],[0.40860146,-0.07695041,-0.57437634,-0.19796745,-0.065077625,-0.5762849,-0.44283614,-0.12573723,-0.7622646,0.21151797],[-0.2737167,-0.30110446,-0.36816612,-0.21393992,0.15201688,-0.14109747,0.21892464,0.07784213,0.22703904,-0.3859085],[-0.45867088,-0.40831792,-0.10891395,-0.21521278,-0.13998942,0.00062548515,0.15274847,0.23515604,0.19663098,0.05499689],[-0.23490068,0.25478405,-0.6673274,0.32449892,-0.5964039,-0.3427501,0.033442147,-1.5471544,-0.57905287,0.21354732],[-0.28476313,0.0011634399,0.8121688,-0.3606358,-0.5431949,-0.21165237,-0.29238605,0.33453062,0.57932866,0.39474514],[0.15820248,-0.49915007,0.2757818,-0.023279022,0.2258055,-0.5989789,0.32045254,-0.07878781,0.04617508,-0.16649954],[-0.50299567,-0.039708406,-0.44518575,0.19087754,-0.08081402,0.41871002,0.17480852,-0.30958435,-0.03028332,0.18842712],[-0.29496822,-0.3471103,-0.08255205,0.44946465,-0.6051775,-0.3018891,-0.18951656,-0.47348592,-0.42108658,-0.29602334],[-0.50624436,-0.37020126,0.6939783,-0.36803252,-0.35809302,-0.1380677,0.037256945,-0.043989677,-0.38977307,-0.16131216]],[[0.31331906,0.28558394,0.12171111,0.3615018,-0.0018263167,0.49911338,0.44653237,0.65621316,-0.26291877,-0.11000676,-0.02066718,-0.2814296,-0.11934116,-0.2919294,-0.17433918,-0.173408,-0.09569251,-0.039651304,-0.34616962,-0.0075091505],[-0.20743595,-0.22477031,0.16898137,0.14266394,0.14386639,-0.10560759,-0.24969922,0.06524063,-0.21246707,0.11116719,0.14873813,-0.042449143,0.109347284,-0.08705002,0.44947544,0.5239045,0.34070802,0.5488877,0.27202234,0.07526962],[0.6076394,0.09410278,0.19022056,-0.038098328,-0.4091337,-0.036699634,0.1471359,0.30106685,0.8782651,-0.2799522,0.3149827,0.090874195,0.16895854,0.45018208,0.27577034,0.05959116,-0.2938535,-0.054671325,0.44548738,0.27246878],[0.32269946,-0.32494467,-0.22603975,-0.038310386,0.08618462,-0.13060331,-0.006490241,0.3231534,-0.19250308,0.3316053,0.5312733,0.4024241,0.3153329,0.43467796,0.19906716,0.47361726,-0.022884296,0.098120324,0.43236908,0.10397964],[0.28824094,-0.24979547,0.5653051,0.3053509,0.11512042,0.40411776,-0.07705461,0.07741734,0.07663308,0.34253934,-0.21631412,-0.17741925,0.44565353,-0.013056553,0.16973491,-0.027536822,-0.30354702,0.11547538,-0.62289673,0.42848733],[-0.01978038,0.43088755,0.34706497,-0.089599065,-0.31099167,0.03631848,0.24623117,0.38681537,0.1359822,0.29671025,0.027920684,0.120453365,0.65589625,0.47229353,-0.20347986,0.37789586,0.12924954,-0.22800253,0.4077532,0.066241145],[0.095435716,-0.016789006,0.60378045,0.16952138,0.42449534,-0.14017794,0.4814508,-0.05761019,0.14219148,0.027418688,0.54246926,-0.0057685627,-0.024257554,-0.2173615,0.18511495,0.43853858,0.24746677,-0.15788428,0.12038657,-0.12291252],[0.27086815,0.5505511,0.60334116,0.506082,0.5937008,0.3583492,0.25738344,0.175911,0.47518578,0.59777194,-0.42660362,-0.5789337,-0.5195706,-0.21813945,0.0108135445,0.08830462,0.4273039,0.06991495,-0.61368793,-0.3078656],[0.018895973,0.88049114,0.6623908,-0.15775752,0.13241015,-0.07227051,-0.27008122,-0.08618791,0.11136784,0.2301958,0.40501192,0.6523133,0.5548957,-0.30556187,-0.22567512,0.0152494395,-0.10317468,0.2381235,0.34141624,0.08009917],[-0.014927163,0.1746581,-0.3335233,0.4466188,0.39733532,0.59043014,0.3414597,-0.03777587,0.09255708,0.20312397,-0.18819463,0.3876116,0.024497395,0.3944104,0.12988631,-0.17413957,0.26104417,0.022459283,0.044228453,0.23841752]]],"bias":[[0.109618954,0.0022026766,0.2905429,0.095012814,0.18922639,0.066574246,0.7989458,0.2787305,0.2593812,-0.005719016],[-0.19842203,0.02614294,-0.09296922,-0.12353433,0.05263493,0.18877502,-0.1790233,-0.23105696,-0.040294852,-0.10639325],[-0.08054719,-0.22572248,0.041295335,-0.108365566,-0.12531689,-0.10507406,-0.20668484,0.33176547,0.12223384,0.08171417],[0.13033916,-0.07892244,-0.058475275,0.16446957,0.28502825,0.2391817,0.34512562,0.3310952,0.0016915075,0.22687154,0.10681166,0.11418069,0.10532577,0.17031588,0.1522267,0.0538412,0.17904426,0.25500545,0.25595155,0.20067914]],