{"architecture":[["Dense",[4,10]],["Dense",[10,10]],["Dense",[10,10]],["Dense",[10,10]],["Dense",[10,10]],["Dense",[10,10]],["Dense",[10,20]]],"Indices":[2,10,9,7,5,1,8,3,6,4],"weights":[[[1.9985825,1.1120156,-0.91317713,-0.30847716,-0.48039716,1.7739977,-0.8694495,-1.395383,-0.83643454,1.9338892],[0.32890067,0.24345763,0.40373746,-0.4082308,-0.22585599,-0.32507727,-0.022071952,-0.24524906,0.3019887,-0.19008677],[-0.6246315,0.71283084,-0.6244693,4.897346,-0.19647174,0.83495843,0.5508309,0.8645463,-1.8742144,1.0841625],[2.1140623,0.68154305,-1.40901,1.8074969,-1.0038724,0.54396284,-1.1087651,-0.4522781,-0.93568456,1.8232962]],[[0.8183549,0.3938051,0.5379198,-0.08714307,0.8017554,0.38943577,-0.36530155,-0.21771568,-0.42710358,-0.32793438],[0.451199,0.097124964,0.45911276,0.41557935,0.5255566,-0.5424848,-0.50029826,-0.03380347,-0.39499277,-0.13286011],[-0.31548488,-0.51434255,-0.4962176,-1.0389966,-0.83504254,-0.7248171,-0.51569957,0.8379717,0.25161526,0.18648909],[-0.25322253,-0.072947584,-0.4187504,1.1140146,0.73153186,-0.17944352,-0.049593285,0.39508998,0.6455622,-0.41842863],[-0.031224888,-0.09491561,0.020744719,-0.035473615,-0.71975493,-0.29357827,-0.42545953,0.36752796,0.45499328,-0.1818066],[0.47774103,-0.1846817,0.5327827,0.49258205,-0.20572795,-0.6843879,-0.11939937,0.72501755,-0.41165218,0.3458323],[-0.7753694,-0.3692541,-0.41592816,-0.3826733,-0.6154335,-0.5104599,-0.7663663,0.7645208,0.6405236,0.19658644],[-0.4100622,-0.43586293,-0.5580546,-0.14402755,0.10233844,0.045752477,-0.522298,0.23622605,-0.12834552,-0.65712196],[-1.037583,-0.105300546,0.28504464,-1.1051275,-0.82158893,-0.89058656,-0.313146,0.22802947,-0.069948904,0.007574168],[1.2254372,-0.19527002,0.59349245,1.0171171,0.7030949,-0.38296592,-0.19443966,-0.41437808,-0.1576884,-0.45130712]],[[-0.12677965,-0.014985449,0.10814357,0.8576173,0.17896427,-0.354181,-0.53201306,0.5860441,-0.09352222,0.1761111],[0.05075322,0.37517488,0.23143905,0.375176,0.18389475,-0.38801384,0.39233485,-0.04984773,0.07984794,-0.44296762],[0.304071,-0.44195163,0.35343912,0.4829656,-0.15254079,-0.9931315,-0.58737403,0.09995561,-0.5637722,-0.28598282],[-0.39521265,0.31770906,0.4421376,0.2695793,0.27141368,1.4370824,-0.54867536,0.50812984,0.38359636,-0.4170574],[-0.0080817975,-0.44731992,0.91788894,0.7266892,-0.36688533,0.95820343,-0.7023234,0.54852974,-0.17899352,-0.5367498],[-0.39920294,0.4520521,-0.5809592,0.36452943,-0.5519397,0.22656254,0.4222767,0.15332837,0.24420612,-0.13448188],[0.49591246,-0.030611059,-0.17802805,0.32968143,-0.4911936,-0.21777268,0.335117,0.09377887,0.044206016,-0.11449375],[0.36616093,-0.5360113,-0.52005005,-0.54658866,0.363679,-0.23621607,-0.53330624,-0.3940567,-0.18175514,-0.8033684],[-0.15092692,0.21578695,-0.33609405,-0.27864555,-0.1434235,0.80557483,0.29871425,-0.75199014,0.4635678,-0.69210523],[0.28093112,-0.49655658,-0.61139625,-0.24669513,0.26783338,-0.1877924,0.22903109,0.071974576,0.25678933,0.073095344]],[[-0.1377154,-0.3076609,0.71735656,-0.16808602,0.064027,-0.70186085,-0.73559666,-0.08629804,0.7187529,-0.18111828],[-0.41643754,0.032978185,-0.0975668,0.35940766,-0.24356638,0.08045089,-0.28455827,0.30842453,-0.47647133,0.40605554],[0.61965734,-0.36175263,0.12593998,-0.011219341,-0.1993918,-0.18974005,-0.6724478,-0.3196283,-0.9144264,0.6201543],[-0.051088184,-0.48213437,0.114846095,-0.095020615,-0.061300617,0.55923235,-0.18131223,-0.058013946,-0.6151918,-0.2334878],[-0.27205184,0.48043987,0.3085566,0.25528488,0.37576485,-0.45361498,0.15169604,0.27133882,-0.35884503,0.03595399],[0.62877506,0.78603476,-0.5794999,0.094360165,0.48218587,0.35367033,0.09382839,-0.16850148,0.32227856,-0.29550448],[0.54635614,-0.35450694,-0.16826442,-0.061314348,-0.004385704,-0.3923746,-0.10184817,-0.39567876,-0.038304165,0.20380987],[0.60312426,-0.40411106,-0.13061126,-0.43530688,-0.5688891,0.61712503,0.14709967,-0.4099395,-0.3130427,-0.40285167],[-0.49299297,0.19718397,-0.37659442,0.13600762,0.14709683,-0.3288861,0.0836652,0.15040657,0.059047267,-0.21966691],[0.33494824,-0.052640665,-0.019342525,0.02995288,0.1833715,-0.32226765,0.22483878,0.18882427,-0.13131362,-0.5564533]],[[-0.22019973,-0.5479602,-0.30476594,-0.34886578,0.28043777,-0.068119645,-0.2199878,-0.35918975,-0.16741662,-0.52207613],[-0.6565428,0.071481414,-0.40671024,-0.5300412,-0.43617317,-0.4707266,-0.78452545,0.5252585,-0.68479615,-0.026179953],[-0.400541,0.09173114,0.106685326,0.51819855,0.52412695,0.15719633,0.34402338,0.20950569,-0.4393881,0.17358682],[-0.40310222,-0.19759999,-0.1502028,0.2551405,-0.3513141,0.3998728,0.30124688,0.56474656,0.11640051,0.19651064],[-0.09201463,-0.43537253,-0.38113886,-0.4159873,-0.39292854,0.081577435,-0.18629275,0.5157407,0.40698233,-0.3355221],[-0.4107909,0.16483518,-0.40100923,-0.051239338,0.23037826,-0.33306614,-0.53205496,-0.26581648,-0.33779234,-0.34126687],[0.13062571,0.35152835,-0.548809,-0.30102342,0.28852105,-0.3037162,0.08248061,0.22618447,0.20139986,0.096765526],[-0.39654616,0.024115186,0.22530977,0.3302834,-0.13818781,-0.35585526,0.2367306,-0.011658043,-0.6324489,-0.46296296],[0.27617455,-0.5977614,-0.7149843,0.4720597,-0.20775199,0.036014386,-0.61441565,-0.21393469,-0.5365089,0.039996084],[-0.36473194,0.14986007,0.38107792,0.31951118,-0.10447465,0.38711885,-0.1454479,-0.043950077,-0.5118067,0.12545402]],[[0.09924639,-0.08836913,-0.1476266,0.3346156,-0.069548935,-0.05542433,0.31334725,0.32667387,0.21487069,0.07603711],[-0.3984499,0.8354717,0.112651,0.4064422,0.07862289,-0.39519715,0.05082922,0.22544737,0.30579406,-0.42160562],[-0.072851986,0.06260728,-0.26912206,0.56158143,0.43274722,-0.7988784,0.52286834,0.43642446,-0.60466087,0.20585954],[-0.29806504,0.32689714,-0.4346462,-0.022839947,-0.22835727,-0.74055374,0.017678453,0.17333631,-0.3706928,0.10163272],[-0.45031303,0.2390123,-0.5710133,-0.03014568,-0.22572643,-0.15400738,-0.14819026,-0.34159613,-0.522209,0.093158975],[0.005969434,0.5932443,0.39290696,0.41975173,-0.47281438,-0.13265601,-0.04488426,0.357406,-0.120395795,-0.55323285],[0.31359914,-0.11549964,-0.44150916,0.54139733,0.009482389,-0.8243505,-0.26132601,0.15086816,-0.18710625,-0.011569246],[-0.6728847,0.069690354,0.49229306,0.2199058,0.5957475,0.1344293,-0.35497692,0.42777887,-0.57285804,-0.30844283],[-0.3354638,0.26438642,-0.27711502,0.08230576,-0.028553726,-0.037799537,0.14528555,-0.07275321,0.32738662,-0.55179626],[0.4780496,-0.27415913,0.2449732,-0.07784092,-0.3579795,0.18633547,0.41393328,0.28227544,-0.07061544,-0.25367674]],[[0.3244264,-0.25476488,0.29956707,0.27228835,-0.14179684,-0.12786183,0.26129794,-0.19706298,-0.19470012,-0.28860033,0.0911283,-0.063751295,0.26539564,0.10756548,0.18346158,-0.26609164,0.25803804,0.36258614,0.10928549,0.59989333],[-0.07754248,0.452215,-0.14656731,0.21813215,0.32073647,0.26852682,0.31750342,0.102658734,0.05378611,0.20880426,-0.17240791,-0.1861409,-0.009632176,0.09777797,-0.36070663,-0.12574756,-0.23984009,0.073512174,-0.36350498,-0.28787857],[0.17939161,0.040898588,0.07107669,0.4595657,0.4793766,0.25587016,-0.30797374,0.030696614,0.064346634,-0.1946879,0.775111,0.32228062,0.2720198,0.47785968,0.060827393,0.12252273,-0.31182444,-0.03861234,0.17304659,0.19143695],[0.1619035,0.09010346,0.41651058,-0.11710445,0.32560235,0.00035327434,-0.027413566,0.34645706,0.4853633,0.3036814,-0.0919244,0.29707992,0.03816579,0.11552148,0.31180185,-0.2011973,0.045606267,-0.50244653,0.26767445,0.026684562],[0.24015564,0.42305225,-0.18887293,-0.21276575,0.03991711,0.09354415,0.25613272,0.06084494,-0.21941948,-0.012300952,0.17508426,-0.03383902,-0.25148132,0.14487027,0.3988989,0.5625936,0.2461835,0.56318617,0.19655785,0.45020136],[-0.75954556,0.10576469,0.11276504,-0.29783413,-0.12387218,-0.4012531,0.21913315,-0.15627381,0.31086057,0.40818927,0.25222465,-0.2233079,0.35930866,0.2551675,0.29147983,0.7533091,0.33705097,0.256493,0.21752776,0.08525925],[0.010532689,-0.07072711,0.6261129,0.44201338,-0.045684516,-0.05249466,-0.094065025,-0.2790784,-0.04859794,0.22320686,-0.582449,0.13660084,0.2163272,-0.025428733,-0.31486237,-0.5285249,0.26847452,0.044793725,