{"architecture":[["Dense",[4,10]],["Dense",[10,10]],["Dense",[10,10]],["Dense",[10,10]],["Dense",[10,20]]],"Indices":[10,7,3,1,9,8,2,4,5,6],"weights":[[[1.9357789,-1.0511837,-1.2378588,2.0922718,1.6386403,0.8122007,0.6367583,0.39022958,1.7181712,1.0237877],[0.6355634,0.53811264,0.23081467,-0.029874636,-0.41245168,-0.13219331,1.1771326,-0.089332424,1.1605405,0.6227281],[-1.4589541,1.394871,-0.86923236,0.48666874,1.2791743,2.9202797,2.5561905,3.9085824,-3.2204318,-2.2162633],[1.1719133,-1.1085694,-0.62508714,1.4979322,1.978318,1.3200961,1.657446,2.5903935,-0.1783109,1.0275865]],[[-0.29641768,0.6318785,-0.23089571,0.42177555,-0.006766191,0.1711591,0.07597138,-0.38955417,0.78803176,0.65269727],[0.5408793,-0.71171784,0.20687495,0.07137648,-0.49282897,0.35412717,-0.07860356,0.05186323,-0.5018126,-0.80954933],[0.26278633,0.15667485,0.9480734,-0.7047449,-0.83607554,-0.024665888,-0.81854635,0.45603928,0.1689002,-0.46099892],[-0.49088418,-0.28407985,-0.008110471,-0.51144564,0.8879184,0.19808093,-0.24739526,0.16554327,0.28283504,0.7153744],[-0.24480647,0.5098578,0.19244903,-0.24011484,0.73601335,-0.14943327,0.6914016,0.2550391,0.5505542,0.6646596],[0.19833614,-0.06789285,-0.17633285,-0.2451398,0.71453625,-0.24196185,0.7753991,0.5291845,-0.35234964,0.029826334],[0.7197796,0.12171876,0.39626455,-0.54885334,0.54284966,-0.15174094,0.35829628,-0.20779732,0.31847218,0.32473373],[0.69884163,0.23009668,0.14313702,0.27107129,0.52687097,-0.4877114,0.88530844,0.50792605,-0.35914424,0.3367125],[0.093284406,-0.030432194,-0.40411517,0.035661746,-0.6530571,0.2300721,-0.13886878,-0.394669,0.8032268,0.5768384],[-0.30894953,-0.12251658,-0.2938967,-0.098686256,0.1210811,-0.043184742,-0.33691534,-0.40824392,0.6928894,0.7758301]],[[-0.3508748,-0.4869542,-0.752401,-0.3733223,-1.0146909,0.5007183,0.14606188,0.038656324,0.053739443,0.4555797],[-0.5771652,-0.6514557,0.3481178,-0.034682937,-0.28022686,-0.0360733,-0.24014327,0.33154303,0.10673137,-0.41817915],[-0.13550942,-0.53820896,-0.2745168,0.02133134,-0.39720532,-0.004288729,-0.597336,0.36800778,-0.51775,0.57552457],[-0.30851975,-0.020861916,0.19857624,-0.045217186,-0.086504236,-0.030450216,0.23782556,0.09294727,-0.19860426,0.11848557],[-0.6832881,-0.6087968,-0.4364014,-0.19976966,0.7291346,-0.49743667,-0.40798172,-0.48167428,0.40510774,-0.37824425],[0.9843915,-0.09376777,0.84455705,0.68113416,0.0964512,0.6073083,0.0695409,-0.1735538,-0.74597985,0.90867287],[-0.13896075,-0.66610545,-0.61334836,-0.5316148,0.31402913,-0.20005685,-0.01852069,-0.56885433,0.20408642,-0.13936228],[0.2604277,-0.5229259,-0.58692396,0.13030508,-0.4479265,-0.21038745,0.07104847,0.25726923,-0.27979842,-0.352858],[0.46604425,-0.42059356,0.5952354,-0.38715944,-0.21166863,0.5879901,-0.23968741,-0.33883646,0.030052036,-0.28414744],[-0.35978535,-0.5283539,0.40574962,0.25334665,0.6824603,-0.05152476,0.24756674,-0.42453605,0.37068716,0.108907945]],[[-0.6487179,-0.50057256,-0.47283912,0.27621058,0.15048115,-0.8745367,0.07613778,-0.7095976,0.25056884,-0.056516897],[0.28766116,0.26518592,0.46050906,0.30668175,0.1366362,0.14462192,0.22889425,-0.26609832,-0.14900371,-0.132652],[-1.0235758,0.1427968,-0.038031265,-0.19591808,-0.03889951,-0.227741,-0.063546784,-0.34911877,-0.46522188,-0.7849972],[-0.105559215,0.057457287,-0.29765132,-0.24602887,-0.45292157,-0.7002564,0.2913154,0.10018031,0.47404632,-0.067410596],[-0.37939715,-0.009788889,0.042821772,0.030052051,0.23182598,-0.4389087,-0.51494884,-0.49704015,-0.37650406,0.09591598],[-0.08923019,0.5017266,0.14449063,-0.15312226,0.22744358,-0.28404352,0.45367673,0.3069186,0.025645228,-0.34198734],[0.13279133,0.21197112,0.46995893,0.3815874,0.30631173,-0.38153586,0.09413089,0.4585172,0.32990915,-0.25810516],[-0.27799112,0.03160589,-0.33953774,-0.062034525,-0.17607738,-0.34798434,-0.3067958,-0.061845407,0.06929401,0.086828396],[-0.44708014,-0.6716297,-0.28632548,0.11651633,-0.6321212,0.22110812,-0.25229165,0.30926552,-0.48837942,-0.4253524],[0.030832116,0.21126452,-0.3683109,-0.15826261,-0.64188474,-0.23664308,-0.19788277,0.28464302,0.7832961,0.22640559]],[[0.40940654,0.05948897,0.107300155,-0.17278056,-0.3334265,0.45263496,-0.39413783,0.11358248,-0.054621413,0.004053806,-0.034225367,-0.07630273,0.1295335,0.5840752,0.090403445,0.3008255,0.71407974,-0.121611126,0.52253276,0.5329289],[0.5073762,0.41103745,0.37948385,0.62009704,0.14165631,0.24300064,0.13504526,0.46462187,0.38437688,0.31051466,0.34635273,-0.1493179,0.019613652,-0.19030838,0.035962824,-0.23939016,-0.44033438,-0.20398434,-0.15660456,-0.084632985],[0.37994468,0.15789625,-0.027591301,-0.15297145,0.3566577,0.55432075,0.254611,-0.0045007933,0.1483683,0.5566287,0.5226491,-0.11473585,-0.2777505,-0.052396163,0.31457427,0.51493186,0.18919039,0.17891306,-0.22093448,-0.21214852],[0.26721793,0.12376642,-0.14277805,0.1868306,0.51504564,0.024756681,-0.23911314,0.15211545,0.0153153865,0.11271247,-0.12936702,-0.012332172,0.205659,0.15934043,0.35333943,0.06700295,0.2637021,0.41004863,-0.13181596,0.111140296],[0.30171517,0.4933589,0.48233852,-0.35757223,0.27885318,0.6170918,-0.025075264,-0.17313424,0.38447496,-0.13713545,-0.24612136,0.19733936,-0.01961249,-0.33168352,-0.28937748,-0.07840213,0.10100913,-0.4695479,0.306249,-0.3244338],[0.087679654,-0.0976826,-0.26223412,-0.1175928,-0.18060906,0.06422988,-0.38195083,0.18882214,0.44308984,0.28535703,0.40859735,0.5076475,0.17730029,0.066979975,-0.07868737,-0.13347884,-0.29018256,0.23041141,0.4768543,0.38325053],[-0.34580606,-0.03503565,0.22278647,0.30380958,-0.09089012,-0.19960617,0.3713043,0.5309682,0.4699821,0.052484255,-0.041185785,-0.26629612,-0.16456106,-0.2668047,-0.18755487,0.1897686,0.09839805,0.0695741,0.14576833,0.32042846],[0.09528352,0.12867789,0.44872952,0.12930639,0.38597393,0.0205359,0.19633228,0.073917285,0.0726606,0.22469212,-0.25564578,0.48531199,0.40199313,0.20251629,0.0800224,-0.060596123,-0.11588642,0.4035616,0.40118918,0.45368564],[-0.20659827,-0.18432155,-0.14334045,0.42250794,-0.11535393,0.018636271,0.66283,-0.10761157,-0.17097151,0.01215263,-0.055952862,0.28013474,0.12537088,0.5529686,0.19508871,0.17004092,0.59470934,0.2335139,-0.008488208,-0.21229868],[-0.030899817,0.34635702,0.19479181,-0.38523808,0.120514706,-0.25102755,-0.3138873,-0.11026423,0.0038442786,-0.4020852,0.5507492,-0.22459486,0.47695163,0.36382937,0.010924417,0.18915682,0.6494431,0.2226063,-0.014602247,-0.14927687]]],"bias":[[0.10383346,0.36911276,0.38895106,0.114661455,0.1126984,-0.0504527,-0.11113609,0.25037262,0.56462353,0.018616308],[0.25363675,-0.0631222,0.18183655,-0.10418461,-0.1580765,0.33377188,-0.17241794,0.13642453,0.1598146,-0.09926321],[0.045691703,-0.18464588,0.13559794,0.09460792,-0.21493179,0.09210087,-0.04870992,-0.14777547,-0.32305983,0.2564316],[0.1235383,0.024372526,0.11990326,-0.21701679,-0.13726777,-0.03132665,-0.014341747,-0.06823341,0.053007312,-0.02169796],[0.24388903,0.2174133,0.04717557,-0.11118466,0.15423238,0.25651056,0.010733401,0.12471597,0.013133682,0.14094317,0.14151472,0.16142017,0.065764345,0.03592342,0.16723496,0.19255933,-0.06896706,-0.05228479,0.08281933,0.14411843]],