{"architecture":[["Dense",[4,10]],["Dense",[10,10]],["Dense",[10,10]],["Dense",[10,10]],["Dense",[10,20]]],"Node_Indices":[70,38,121,111,98,43,105,113,73,102],"weights":[[[-2.6343966,-3.78991,2.666238,1.1761222,-1.9658024,3.775984,-1.6872697,2.7761328,2.0984867,-0.9510176],[-0.06830253,1.4912893,0.5812562,1.5456761,-0.9615926,1.2019544,0.11515637,0.82722646,-0.61721057,0.8217111],[3.400719,4.539084,-2.0612898,-0.00018784648,1.9889641,-1.7796181,-2.6819668,-0.42661688,0.16006333,2.1266856],[0.43114033,0.12923005,0.43747404,0.74048007,0.40887368,1.0006377,0.9426579,0.70114386,0.60785025,0.16321522]],[[0.28973588,0.21837427,0.17068793,0.2930069,-1.090604,0.13834369,0.042989712,-0.09646111,0.62971735,0.016314479],[-0.6876507,-0.52652335,-0.23264268,0.85178334,-1.7414758,-0.40713504,-0.34971577,-0.5855292,0.77696383,0.34949213],[0.08467919,-0.46043038,0.6105995,0.40222886,1.0048103,0.47186247,0.0061848653,-0.27756044,-0.5241825,-0.31498346],[0.08955979,0.41929406,-0.5416847,0.4665481,0.2739297,-0.2711191,-0.38358277,1.1528009,-0.20537664,-0.32157612],[-0.37270492,0.4380618,0.50194573,0.45342764,-0.7013604,-0.28841412,-0.33708128,-0.31745487,0.42659104,-0.057104744],[0.12519035,-0.187169,-0.4424896,0.20278838,1.6421075,0.66332954,0.23608314,0.26393983,-0.97522134,-0.10413025],[-0.62345886,-0.29568177,0.48511815,-0.4604326,-0.040933978,0.09066454,-0.73881155,1.111593,0.5038628,-0.9335127],[-0.6189184,-0.20554404,-0.00029042736,0.25165313,0.9845752,0.2893659,-0.26300249,0.28525087,-0.73646075,0.20689937],[-0.1653886,-0.18799199,-0.27600187,0.61392415,0.96251553,-0.11740888,0.36797,-0.052055128,0.14889894,0.5636892],[-0.65327436,-0.2549766,-0.22959659,-0.09600976,-0.7634219,0.23476599,0.08455055,0.36524722,0.2135476,0.698647]],[[0.29842147,0.4552957,0.2589878,-0.018820705,0.1499571,0.25646034,0.55606925,-0.35415033,0.30740327,0.12535918],[-0.08881658,-0.26266456,0.42566288,-0.0854494,0.43972218,-0.45109856,-0.28830963,0.18859929,0.23284951,-0.5977054],[-0.07150855,0.28612328,-0.65222156,-0.56465214,0.5275883,-0.5315294,0.1531107,-0.09641321,0.37849912,-0.7172781],[0.19497493,0.1866299,-0.38798544,-0.45097598,-0.2502824,0.3211922,0.52316415,-0.08101381,-0.35926428,0.47642177],[-0.6966332,0.5532281,0.2413979,-0.57790124,0.994947,-2.2518654,1.0294299,-1.0519233,-0.25544852,0.2682803],[-0.7752691,0.39589766,-0.35458755,0.057751443,-0.35566244,-0.48766544,-0.37206486,-0.26533037,-0.20729327,-0.28318068],[-0.28226432,-0.14392784,-0.58507955,0.3218898,0.5338625,0.44559258,0.40085357,-0.25125974,-0.06886612,-0.42747867],[-0.61840516,-0.59172475,-0.54940224,0.18203849,-0.7372145,0.5822854,-0.9807872,-0.24680018,0.56885993,-0.07018713],[0.11894496,0.07475415,0.37168065,-0.52110124,-0.42308506,-0.95546913,0.35076436,0.50709146,-0.11739552,0.37381658],[0.11059082,0.09616254,-0.34896633,0.48082086,0.19272006,0.63050383,0.49011767,0.15150718,0.048585515,-0.36211628]],[[0.352452,-0.20487759,0.14181691,-0.5169101,0.107448146,0.048882023,-0.21421027,-0.35869485,-0.49123776,0.016119683],[-0.090493195,-0.36719275,-0.44044873,-0.022762198,-0.63267225,-0.24900284,-0.23196182,-0.21402624,0.1512299,-0.53403586],[0.18397768,0.34162992,0.29421794,0.10308889,0.3608379,0.08870257,0.2805037,-0.3857146,-0.19190226,0.17184074],[0.28185844,0.35404092,-0.6684289,0.013877824,-0.20183015,0.49346203,0.25350615,0.2043627,0.07284616,0.43368703],[0.07061031,0.5288955,0.1409451,0.11767074,0.09072698,-0.1285042,-0.21575141,0.093816705,-0.62421423,0.10863771],[-0.0713133,1.0384971,-0.5100803,0.27377713,-0.1376485,-0.11430743,-0.4339502,-0.19266556,-0.42848748,-0.5191648],[-0.11847319,0.21001142,-0.1986151,-0.5355099,-0.2376898,-0.48383516,-0.5749147,-0.37431544,-0.0027782533,-0.20518936],[-0.21631306,-0.2730871,0.4260465,0.081934005,-0.2198944,-0.64309585,0.3873743,-0.24479187,-0.5248288,-0.16495036],[-0.13051617,-0.14359738,-0.41506204,-0.47819623,0.2534482,0.25722626,0.1341066,0.1376727,0.049868755,-0.20916936],[0.23758844,-0.38407898,-0.051322795,-0.17028311,-0.47560373,-0.5926629,-0.11593938,0.40895966,0.061699014,0.33433315]],[[0.06669215,0.24794288,0.57490563,0.42905402,0.28095263,0.539662,0.359474,0.044939276,-0.07886027,0.056974143,0.15039958,0.22587982,0.4178682,0.5249556,-0.039390266,0.2755704,-0.22433272,-0.10421014,0.22562735,0.07434421],[0.12364763,-0.043536253,-0.103534065,0.008020537,-0.06708194,0.23594229,-0.27682766,0.12900403,0.21511848,-0.11595855,0.42559454,0.80672085,0.41709998,0.23221423,0.5115466,0.09412635,0.6713331,0.3354453,0.47363803,0.53293675],[0.5833414,0.8936071,-0.14895204,0.60415167,-0.042994395,0.38038272,0.25086045,0.15553993,-0.09255272,0.4045815,-0.24674559,-0.38672283,-0.4408924,-0.012458025,0.111038394,0.2065399,0.37887394,0.550775,0.13199015,-0.05525241],[-0.07462485,-0.6154648,-0.072643705,0.34643328,-0.1701574,-0.39263275,0.55408853,0.5470705,-0.25000042,0.29415002,-0.28299013,0.18923166,0.44400993,0.13326968,0.5644329,0.171453,-0.032130025,0.2878209,-0.19695722,0.15009026],[-0.17887254,0.9897708,-0.16998273,0.19300689,0.4576556,0.5393836,0.7706726,-0.1750428,-0.19883454,0.33849752,0.51845145,0.1927991,0.14569454,0.16935106,0.13337387,-0.087799534,0.28168562,0.09556588,0.23498598,-0.04742761],[-0.111681044,1.062394,0.4774514,0.024382971,0.513603,-0.14615807,0.6369467,-0.1697996,0.41198966,0.07963945,-0.10668545,-0.07865264,-0.16763237,0.025017882,0.124887004,-0.21015443,0.4246694,-0.06667359,0.22283289,-0.18406686],[0.15820812,0.52297896,0.2848629,-0.12099335,0.40144056,0.10350893,0.010641047,0.32699817,0.23042245,0.5742701,0.2547085,0.17856415,0.41214603,-0.020570146,-0.113030404,0.22021382,-0.17530186,-0.0073089194,0.0428406,0.35492256],[0.67070556,0.069737464,0.54549205,-0.04494616,0.4308812,-0.21060431,0.21507399,0.027525779,0.34991643,0.45916373,0.20755656,-0.0013104258,-0.1854616,-0.14014885,-0.37466657,-0.29271898,-0.06524349,-0.13754462,0.19895728,0.14099008],[0.15834744,-0.17820881,-0.161476,0.2922684,-0.07971037,0.4421846,-0.05305279,0.5939051,0.27919236,0.07067155,-0.24278592,-0.19744132,-0.09799136,-0.13765047,-0.21276648,-0.03901561,-0.21489447,-0.008047364,-0.042259883,-0.36016884],[0.33163038,0.8249033,0.49840587,-0.22005855,0.55268633,-0.113298245,0.035899553,-0.16320702,0.55714136,0.24837725,-0.09348606,-0.018565226,-0.22923453,0.13247612,0.26253557,0.31689906,-0.0012570367,0.016468,-0.34090817,-0.06339695]]],"bias":[[0.3654529,1.0105144,0.122408904,0.13320859,0.11502114,0.5060616,0.5093376,0.32708183,0.11766559,0.21790235],[-0.2306435,-0.047921523,0.11236961,-0.030645246,-0.032776013,0.10978063,0.105816334,0.4856774,-0.096778326,0.028258342],[-0.16921762,0.033891644,-0.11764349,-0.047098484,-0.069146305,0.12658197,0.018291172,-0.0012704683,-0.09415281,-0.06868568],[-0.116901,-0.0073682945,-0.14421776,0.02349112,-0.14258812,-0.05910396,-0.06224469,0.0012220404,-0.0469805,-0.11733094],[0.15872046,-0.045916088,0.20335825,0.36174753,0.18435317,0.2941467,0.27610144,0.31381547,0.3050564,0.16832009,0.16611461,-0.17270757,0.032333747,0.05515862,0.15492243,0.24410203,0.13265023,0.18157364,-0.0111544235,0.12854715]],