{"architecture":[["Dense",[4,10]],["Dense",[10,10]],["Dense",[10,20]]],"Node_Indices":[15,24,48,80,101,32,4,37,120,86],"weights":[[[1.178163,-0.89043933,2.3644433,2.0409615,0.075176686,2.1178892,2.6447022,0.7352066,-3.9316578,3.1885967],[-0.17505848,0.00086142146,-0.49394667,1.7078799,-0.07425165,-0.7550272,0.9134178,-1.1203411,-1.5147566,1.069032],[-1.1436644,0.69511557,-2.3797526,1.6115977,0.027486509,0.5948449,-2.58731,0.8687616,-5.1685863,-2.822457],[0.2077955,0.06607482,0.50613403,-0.16251996,-0.66090506,0.06770486,0.5404639,-0.56616586,0.48619992,0.6045728]],[[-0.19263974,-0.77774835,0.23007613,-0.50688547,0.004729985,-0.59727025,0.107309714,-0.01729473,-0.6669758,0.102689594],[0.4517059,0.15330888,-0.29891902,-0.10753273,-0.49945077,0.3377332,0.18444066,0.2699487,0.37022117,0.037472337],[-0.10520325,-0.32350546,-0.31070435,-0.75305134,-0.6123856,-0.5785932,-0.5802972,-0.48558894,-0.8784471,0.17586787],[-0.31830412,-0.5614182,-0.54107827,1.2419329,0.3213976,0.05521041,-0.32276896,0.54774445,0.3037054,-0.29914823],[0.34682414,0.21619333,-0.7892663,-0.37378174,0.07627517,0.04171699,-0.01623166,-0.33671913,0.17265728,0.31714672],[-0.013410824,-0.4749684,-0.341982,0.18585275,-0.5401699,-0.13885815,-0.40692666,-0.63777035,0.2528014,-0.830341],[0.12491373,0.2490774,0.019609606,-0.08199093,-0.22639258,-0.6765213,-0.44866648,-0.5310797,-0.708562,-0.06686861],[0.14559437,0.14725167,-0.30097935,-0.08740175,-0.20579156,0.45635346,-0.78353006,-0.39641446,0.09843885,-0.56845385],[-0.021510685,-0.12527391,-0.13450494,2.1625779,0.68720955,-0.16617,0.34676984,-0.22488357,0.12234598,-0.086855166],[-0.36060587,-0.11442605,-0.14644656,-0.29401493,-0.44305623,-0.46549597,0.5518498,-1.1406204,-0.11704169,-0.31635585]],[[-0.3489581,-0.23420472,-0.036260396,0.30317575,-0.03166258,-0.14880025,0.32799572,-0.11442781,0.03751725,-0.19148183,0.18619566,1.3541526,0.13657658,0.17434557,0.62893325,0.66530645,0.17947553,0.5246183,0.16789508,0.3834164],[0.107119896,-0.14218043,-0.16103272,0.18059964,-0.083141334,0.07181847,-0.22882345,0.42265537,-0.22749522,-0.7113756,0.4341405,0.36454508,0.20815514,-0.2602862,-0.07585244,0.55338186,-0.00046676278,0.08387411,-0.17444995,0.26344624],[0.48343498,0.0737918,-0.031167192,0.22267133,0.071450286,-0.11176621,0.5536616,-0.13855426,-0.3552248,-0.21899313,-0.038205177,0.31729722,0.46118036,0.2009901,-0.0970573,0.46070564,0.47976887,0.02317455,0.03669963,-0.3759956],[0.740514,0.53822863,0.3393847,0.1330003,0.47585437,0.73465925,0.12623383,0.6028547,0.49070722,0.75203955,0.023132442,-0.13143812,0.04764357,0.1537952,-0.036982965,-0.15120181,0.094944045,-0.10318615,0.05293399,0.15544175],[-0.2666225,0.013378411,-0.39506337,0.37313342,0.32258967,-0.2825013,0.41676065,-0.05571723,-0.29079795,-0.011436564,0.14974864,0.28207967,-0.24652171,0.30789122,0.6019258,0.07235242,0.48438346,0.57964915,0.27817425,-0.053087056],[-0.42439982,-0.18090802,-0.05561657,-0.2403361,-0.38330573,-0.4180667,-0.34581196,-0.5123345,0.02495271,-0.30190536,0.68710095,0.45101494,0.14348114,0.46656623,0.36772293,0.17691994,0.11716559,0.2699843,0.10048052,0.514731],[-0.18029176,0.56392497,0.1314861,0.0077755395,-0.22293596,-0.11222039,0.3965466,0.20367642,0.09612966,-0.6130593,0.086077124,0.2842948,0.33269036,-0.11557246,0.16603948,0.68017757,-0.06834662,0.019192794,-0.0568757,-0.2933797],[-0.39878744,-0.38262582,-0.17431578,-0.30795094,-0.52255243,-0.7882027,0.11890672,-0.29095423,-0.64774424,-0.72258043,0.38178042,0.54100305,-0.09560466,0.12647115,0.092850536,0.43446034,0.20901284,0.6858682,0.7960843,0.32353744],[0.15761335,-0.17754944,0.1849895,-0.26597202,0.07185731,0.17371918,-0.21954286,-0.16029178,0.016689224,0.19550265,0.24289721,-0.17020367,0.34987724,0.24562244,0.256147,0.31678036,0.41256696,0.15430786,0.18598978,0.14948669],[-0.26801166,0.09100925,-0.08231578,0.4497802,-0.041144427,-0.069656834,0.09981507,0.35491237,-0.32769465,-0.38588345,-0.018253619,-0.28860596,-0.23872639,-0.08661946,-0.20254111,0.08839423,-0.21631993,0.5142632,0.523996,0.33740857]]],"bias":[[0.11259541,-0.095983505,0.12200226,0.34158954,-0.18549061,0.28081834,0.24426997,-0.06698021,0.57656336,0.032732543],[-0.10286908,-0.2057622,-0.2355834,0.010114898,-0.05533837,0.0046757106,-0.17692491,0.186347,-0.1459539,-0.20278352],[0.022042898,-0.005349136,0.55099094,0.4892714,0.218472,0.020750161,0.3935015,-0.06365749,0.37102097,0.23761232,-0.026103916,-0.2991041,0.1934756,-0.031068483,-0.06979411,-0.118598856,-0.031182209,-0.08017612,0.01966986,-0.11992242]],