{"architecture":[["Dense",[4,10]],["Dense",[10,10]],["Dense",[10,10]],["Dense",[10,20]]],"Node_Indices":[116,34,74,13,126,63,49,109,132,22],"weights":[[[1.1673245,-0.740621,-0.766339,-1.3009522,-1.9300992,2.832247,-0.9193547,0.26075032,-0.48412862,-0.31726533],[-1.0677344,0.6987435,0.06420169,0.20095254,-0.71249413,1.1456664,0.14677657,-0.6338182,-0.36075202,1.5171963],[2.0039356,-0.19667858,2.7235801,-0.85648274,-1.2066197,-3.3470426,-0.2681706,-1.9571114,2.8469093,2.0139017],[0.33025318,-0.5399984,-0.3781604,-0.30807164,1.8021511,1.1975384,0.15165274,0.4538471,-0.27422622,-1.3234247]],[[0.4062303,0.30676934,0.09458699,-0.3230234,-0.74955934,-0.30653846,0.10698309,-0.0410671,-0.71205544,-0.1497892],[0.21183096,-0.34377474,0.57426673,0.1536855,0.3602101,-0.15563335,-0.30694303,-0.28391615,-0.029387549,-0.5533638],[0.45881253,-0.5228034,0.010050269,-0.42477036,-0.6689534,0.08700025,0.6019475,0.8179313,0.15076092,0.06898371],[0.10032145,-0.6731723,0.036091667,0.06194928,0.81245154,-0.38370988,0.22845021,-0.44549114,-0.18083796,-0.14536515],[-0.49343097,-0.5759774,0.46614322,-0.5105486,0.96018755,-0.7063172,0.022514993,0.054805055,-0.08820662,-0.17821822],[0.3407099,1.128955,-0.028008992,0.37740532,-0.48647115,0.5431162,1.0784351,-0.6205313,0.7984526,0.23392248],[0.30340618,-0.22081907,0.5816948,0.34751022,0.7742881,-0.22036652,-0.22315514,-0.07320801,-0.62526226,-0.20806324],[-0.2438534,0.7520619,-0.17065132,0.6121035,0.47035015,-0.33728284,0.24078634,-0.7146211,0.16687174,-0.24450488],[-0.29588273,0.26999328,0.8110898,0.34210733,-0.6952273,-0.5576958,0.4092606,0.88953537,-0.61932296,-0.5115108],[-0.17519161,-0.60656154,0.36539224,0.5453366,-0.26608062,0.18419878,-0.42774636,0.37300688,-0.34617892,-0.56007063]],[[-0.008864717,0.18076532,-0.11233114,-0.47605455,-0.27148128,0.4293039,0.06652272,-0.06639428,0.15143909,0.21041848],[-0.7262865,-0.44468233,-0.7281384,0.008936872,0.23767717,-0.49828452,-0.95952666,-0.031513773,-0.08616059,-0.4356196],[-0.54088205,0.11248626,0.3493814,0.503708,-0.25257835,0.3320464,-0.35989654,-0.5558781,-0.58809257,-0.15478748],[0.4118898,-0.38784555,-0.6454986,0.0986597,-0.15947145,-0.45653695,0.41344345,0.17453177,-0.13233879,0.40758115],[0.076344095,0.39479592,-0.05969135,0.9400455,0.47269186,0.54057354,1.3107227,-0.683493,-0.6533766,-0.046031334],[0.3838092,-0.5896337,-0.028581815,-0.10086298,0.07527275,0.3848586,-0.6482054,-0.03764679,-0.6584946,-0.30539176],[-0.18499668,-0.73387617,0.24583091,-0.36655554,-0.698396,0.33554342,-0.046549484,-0.06426252,-0.22631454,-0.17852329],[-0.16142999,-0.67502135,0.11378202,0.2013811,-0.6071658,-0.12212142,-0.9087984,-0.3589481,-0.08585847,-0.32076225],[0.19064309,0.2198609,0.017136527,-0.9986257,0.25597864,-0.4400209,-0.767217,-0.6061356,0.23743401,0.5704362],[0.358667,0.35198492,-0.5596813,-0.2743496,-0.041457374,-0.55238426,-0.45827878,0.41957688,-0.72921765,0.392279]],[[0.13475624,-0.15613829,0.60243785,-0.123777196,0.25458702,-0.015006982,0.005883599,0.20351298,0.030895993,-0.10763511,-0.39374533,-0.20732866,0.2429457,-0.33362338,-0.15715405,-0.13981894,0.35455924,0.3021139,0.12723807,-0.29141867],[0.41277498,-0.1295326,0.047285482,0.008004918,-0.0069163907,0.0055754115,0.0096160965,0.18205205,0.29459593,0.5163688,-0.25586918,0.4533956,0.18202056,-0.22031532,-0.16210458,-0.18760407,0.18950213,0.4155344,0.45102182,-0.2071153],[-0.14051197,0.12610894,0.2874625,-0.17216346,0.084339395,-0.010253232,0.045472294,-0.03061704,-0.31499553,-0.352131,0.16610636,0.1131845,0.6276188,0.218306,0.13240904,0.051999338,0.109091036,0.61925477,0.04505871,0.2613568],[-0.09874334,0.37937665,-0.08260874,0.25403196,0.007476038,-0.16432545,-0.14265618,-0.22463833,0.20303681,0.47625726,0.46491462,0.54379046,0.19631761,0.4816203,0.372965,0.30325055,0.16502425,-0.025001425,0.43607646,0.49560988],[0.13800931,-0.09021962,0.19043738,0.17388113,0.29385138,0.049268786,0.0439616,-0.04897377,0.5225378,0.387684,-0.12127195,-0.32913852,-0.2765541,0.0502035,0.09206117,0.05614251,-0.23228548,0.32963482,-0.11812718,0.12403086],[0.46136633,-0.34186488,0.12090153,0.015789809,0.22737306,0.50851375,0.44303492,0.5738457,0.25770438,-0.08901601,-0.064103395,0.15917872,-0.050113987,0.19363682,0.46334073,0.23076747,0.08385427,0.026880661,0.41210082,0.3539461],[-0.03057237,0.8420814,0.21237445,0.55417585,0.52714235,0.061678465,-0.082200624,-0.097846314,0.409544,0.6905509,-0.33209437,-0.43119583,-0.13773847,-0.4759306,-0.56609046,-0.2550896,-0.21771222,-0.091369264,-0.62425834,-0.46316501],[-0.26795566,0.40858358,-0.027384013,0.57953775,0.27001512,-0.1541005,0.2567837,-0.16640726,-0.28279528,-0.24464534,-0.3221128,-0.016524512,0.1275507,-0.4211626,-0.12954558,0.0817018,0.1758824,0.36490387,-0.49201122,-0.32833424],[0.21140042,-0.09811181,-0.035967637,0.43027353,0.38338044,-0.012763501,-0.047959957,0.29688385,0.04540722,-0.32724908,0.27462435,-0.040489007,-0.46178436,-0.07739581,-0.23692392,0.30762446,-0.17403959,-0.35401532,0.049670003,-0.19160509],[0.38038695,0.35954088,0.4501859,0.03503429,0.12483699,0.4443232,0.4577093,0.43430918,0.24122456,0.15726131,0.31288984,-0.3979185,0.11557091,0.14671075,0.13187303,-0.23027174,0.04303848,0.018717004,-0.22323613,-0.22954784]]],"bias":[[0.12530343,0.05668776,0.004545334,0.16783784,0.38941565,0.06680533,0.07877125,0.51406455,0.16284326,0.16232781],[-0.06505374,-0.021137062,-0.035372023,0.14150144,0.13140537,-0.1456578,0.101185195,-0.048057962,-0.062141187,0.025302747],[-0.1243195,-0.12743878,-0.17960396,-0.06562545,-0.13322955,0.019523121,0.16118407,-0.08679438,-0.24073678,0.11147277],[0.18567446,0.19574201,0.18113142,0.27454707,0.06390167,0.1592766,0.22776327,0.17083567,-0.004173996,-0.058880877,0.093022145,0.09587413,0.010184778,-0.12668881,-0.33672798,0.11397123,0.14453466,0.063901454,-0.15204622,-0.16620201]],